address,private_key
bc1qh6eey0ushmztsjm4w349nztszmjmagc5f40scs,p2wpkh:L4k8f5YKpGb3VQnLmjbEJcthzkrrhFziayHKBS2s7WJmLajoWFXS
bc1qzyktdedk0pmd7g87jlalntg4fjpks3pmhap556,p2wpkh:Kz3QDJificd7LJkznu8bc94UrUKrYM9uDAiY7czv9czCYaptWbK6
bc1qvc9t2m3zq06qamnvfgatf53afd2s33x264hzz8,p2wpkh:L2c9tzT3mrJAp7h8oanL6qBjGDi53k2M8jTGDJFbGgbouL1RCndj
bc1q3tx7mfh40375gx07l6jc49uass5u9he98scsh9,p2wpkh:KzaTRwgWQn8rho2Jfe3noPR6NQJpRwzdxitQKqXqv5mhFyW73TNi
bc1qyqf0hq0amnlgpenrd22y0uwft0vg3d52g7ce42,p2wpkh:KzaYnmzo2yuj7xG3Afd5iZPDbuLRR4nuuxzacU7JcaWxuMZSMYXw
bc1q7wa0wxwjk3wyemrgeydgc74845z0pz8crju2nu,p2wpkh:L2JzFfShGoxAv67APP1Wdmfncguy3avGi1zNkixpVBaZGqm9HSoY
bc1qg30zdshwrfgz7vxe48h475ldxyhhp22m5le0j7,p2wpkh:L1tUB9z9p7rSvyhQPHZqt1NzWBXYiR6Xsa1LrLLQ5xXdDMxUpUsn
bc1qpc45xjln2n7excg80dtj6catmgkqkyym755wha,p2wpkh:KzRqVS9mJD5UW3KFDRwiGdyf2RYk9NaWwrpSivYgwfMhVGMpBdz2
bc1q0j4l2ayrzyqaxur5vfsemnpms9crcw5n0eepwu,p2wpkh:L4ZcDcoy2Qm5YtfnaTWhg5fJ9cBQaoNBRxiemA93qMQQ8MJE21mD
bc1q2y3nr6mt5288mnwvhg0xrqp4qcqy5zm6ypd4vm,p2wpkh:L1Yy44ERBoughs4No1nzGZJuUPJi3AZEvgXEM6rr1HDBF4nPRaca
bc1qajlmrzgd7rvlx63e0ezk3q23eenjhhm0uk5fac,p2wpkh:KxFFxYaseYCu2hNXB11LoFViaNGuxdGZ3QNnngAFSgEsCVEoL1AD
bc1qrsrpd4x0mcrp26uzhsm2karlxnws6l6823xyqz,p2wpkh:KzAnxU9cCkV3rdG5GAtqvd6rDuk9jPiCrnsCgaRxE8XZwhiZaxNt
bc1q08qwqj8wds3xdzpqpxeywynzxdclw7npxypsmt,p2wpkh:L22EYM7McwnFxcots6oESc6caUDb7qRScQcYQVvqoikHDjvTrzDC
bc1qwcjdd8lqkyfa8k9pvzqqkfuuh950lqucxy0h59,p2wpkh:KxCwwYohqJRUt3c51qjJy3BSD5nN1L8Seo8AmzcnrDVDFRJwLkH8
bc1qwv9m2r75jazmyyyj4aratrq5ug6s5nvy88ep79,p2wpkh:L1rbcc1MyY735PELnJ1AtXv6CEoWJFhXCVVAJ36D7arN4ou3amTa
bc1q9knldcf7c52pcgpjtqnfqpzplaceuqzgkl7s24,p2wpkh:L2iDvAr4SXktmdb4ddroYNF1WBzX6xPFTbGintRnjtSySNvHVNUR
bc1qwnj080wy0clu96d46rtmxyph6egp32rp8h7lwl,p2wpkh:KzswMh5aYDxHrnUiv1NLh7cqJybAo86A3ZzQ5QmjkinWZqncdeZ6
bc1qhs483fp2upguuu8cj955kqqcmq3ny3nw23d2pr,p2wpkh:KybV2uTevaZkoRuqHEjNYV6CDs5YYFvxE2Dxq1kPvXvtCaNeq545
bc1qpmxx60g03uv0tr5vxgx6u0num9ey04r0k0ndxu,p2wpkh:KzqF51vQZgVZQiQGqSr6Uo6xpoQqhj8YXN5GqBtxVdvy4EX5tMBv
bc1qz05nqscpum363czvy3ntlwxy2watnp9r0fqgx9,p2wpkh:KyEFskBRF5HyjbSWSzyCZXSK7pmRLpVBBTT1BArWLu1XhGhG3uQY
bc1qy77vnxjh5yrt5v4kxgs0zvc65j24em9tdg4nng,p2wpkh:L4tM5UiDJdFqmj4LzK7ZjEnqtTxMdWmnDmQQX7HYnEpFZKUUbkHd
bc1qkkelz5w5c6zzgadp5zykxwu4dk8epv953c6l9q,p2wpkh:L3thUX3NPWpqh1bny31WSJHxBqsEpKUCwx7Gm6wRh12J5Xn9bWDV
bc1qcwa2357k9mm5hrmcnhu2jdwguuh6jacu27jgdp,p2wpkh:KyZENbKuUuVUjTPaStvvyRQXKKYLZZxWbbpJx4e1LpDDawtd22qY
bc1qkeh6etcujsfjpf35vw2y40zfjpmse246ada6t3,p2wpkh:KwXEEBLBLRzTsv6bXevk7Ho7UrjcHGeLheSApvgSNtEu7XM4z5yR
bc1qmm2uqcct6sdgd30uzzjzq2usgyvl55724f7z65,p2wpkh:KwQr5hQi9KERq87ugTy6M6CR9zvQzPMB5SqHZqtUTBda3ibaKpYb
bc1qqjj0h5j9mjtvqel26p6qtjlq0wppc9wekl9sy5,p2wpkh:KygwMfNsPMvUD2cJUygrvEXTEXnMRi4xR8kKtZXUfrbhXyjrMq9p
bc1qfn0u7y2nxlp6jhxxf05kp2flu2w5c2cdgdyx9z,p2wpkh:L3zUyvhAXmMi8n68bwrNqQUqMHm2Jpk2yHrTpYZxc86wynMSphSM
bc1qvh6kp7zvg2hxsj8dehqu7wtmf4yyr75dk54nss,p2wpkh:L5G9wnEiU6JXzzdDBwLZFEfWASy5W1rNu8z6YUYa4jefhgXqiS1h
bc1q2pnhu9cd4a5ytxejkfarg54awgevrf9zph4eju,p2wpkh:L11kxRdBJDQrNPwvdQw8jiVcWHnCBUookqr1Ro9Sb8G9X78nN41x
bc1qmrmuh4xzf2esc9yxtvcud929tw8rgcvcxxzfhn,p2wpkh:KzSWZ4RBgaFf4U8sEVtx5VHtQVmjar5KFdyzhYqSfZhzPGsFCArr
